{
  "metadata": {
    "name": "Truyện Full",
    "author": "hiimgyn",
    "version": 2,
    "source": "https://truyenfull.vision",
    "regexp": "(www.)?truyenfull.(vn|net|io|bio|vision)/[^/]+/?$",
    "description": "Đọc truyện trên trang Truyện Full",
    "locale": "vi_VN",
    "type": "novel",
    "language": "javascript"
  },
  "script": {
    "home": "home.js",
    "genre": "genre.js",
    "detail": "detail.js",
    "search": "search.js",
    "page": "page.js",
    "toc": "toc.js",
    "chap": "chap.js"
  }
}