{
  "metadata": {
    "name": "Truyện QQ",
    "author": "hiimgyn",
    "version": 2,
    "source": "https://truyenqqgo.com",
    "regexp": "(www.)?truyenqq.*?/truyen-tranh/[0-9a-z-]+/?$",
    "description": "Đọc truyện trên trang Truyện QQ",
    "locale": "vi_VN",
    "language": "javascript",
    "type": "comic"
  },
  "script": {
    "home": "home.js",
    "genre": "genre.js",
    "detail": "detail.js",
    "search": "search.js",
    "toc": "toc.js",
    "chap": "chap.js"
  }
}